{
  "Search_105 /TestSite/Index.html" : {
    "transaction" : "Search_105 /TestSite/Index.html",
    "sampleCount" : 15,
    "errorCount" : 0,
    "errorPct" : 0.0,
    "meanResTime" : 138.13333333333335,
    "minResTime" : 129.0,
    "maxResTime" : 143.0,
    "pct1ResTime" : 143.0,
    "pct2ResTime" : 143.0,
    "pct3ResTime" : 143.0,
    "throughput" : 1.2754017515517388,
    "receivedKBytesPerSec" : 2.14974943669756,
    "sentKBytesPerSec" : 0.4732936187399031
  },
  "Checkout_50 /ShopItV60/default.asp" : {
    "transaction" : "Checkout_50 /ShopItV60/default.asp",
    "sampleCount" : 15,
    "errorCount" : 0,
    "errorPct" : 0.0,
    "meanResTime" : 138.8,
    "minResTime" : 129.0,
    "maxResTime" : 160.0,
    "pct1ResTime" : 150.4,
    "pct2ResTime" : 160.0,
    "pct3ResTime" : 160.0,
    "throughput" : 1.2798634812286689,
    "receivedKBytesPerSec" : 2.2910056260665526,
    "sentKBytesPerSec" : 0.58493760665529
  },
  "Checkout_45 /ShopItV60/card.asp" : {
    "transaction" : "Checkout_45 /ShopItV60/card.asp",
    "sampleCount" : 15,
    "errorCount" : 0,
    "errorPct" : 0.0,
    "meanResTime" : 212.53333333333333,
    "minResTime" : 137.0,
    "maxResTime" : 288.0,
    "pct1ResTime" : 287.4,
    "pct2ResTime" : 288.0,
    "pct3ResTime" : 288.0,
    "throughput" : 1.2809564474807857,
    "receivedKBytesPerSec" : 2.7186132312126388,
    "sentKBytesPerSec" : 0.6996891011955593
  },
  "Search_111 /ShopItV60/default.asp" : {
    "transaction" : "Search_111 /ShopItV60/default.asp",
    "sampleCount" : 15,
    "errorCount" : 0,
    "errorPct" : 0.0,
    "meanResTime" : 137.73333333333332,
    "minResTime" : 129.0,
    "maxResTime" : 143.0,
    "pct1ResTime" : 142.4,
    "pct2ResTime" : 143.0,
    "pct3ResTime" : 143.0,
    "throughput" : 1.2751849018107626,
    "receivedKBytesPerSec" : 2.3660657357816883,
    "sentKBytesPerSec" : 0.4993644000255037
  },
  "Checkout_47 /ShopItV60/acknowledge.asp" : {
    "transaction" : "Checkout_47 /ShopItV60/acknowledge.asp",
    "sampleCount" : 15,
    "errorCount" : 0,
    "errorPct" : 0.0,
    "meanResTime" : 172.33333333333334,
    "minResTime" : 129.0,
    "maxResTime" : 278.0,
    "pct1ResTime" : 276.2,
    "pct2ResTime" : 278.0,
    "pct3ResTime" : 278.0,
    "throughput" : 1.2811752647762213,
    "receivedKBytesPerSec" : 2.054384555432183,
    "sentKBytesPerSec" : 0.8962388164075845
  },
  "Checkout_44 /ShopItV60/kindofpayment.asp" : {
    "transaction" : "Checkout_44 /ShopItV60/kindofpayment.asp",
    "sampleCount" : 15,
    "errorCount" : 0,
    "errorPct" : 0.0,
    "meanResTime" : 136.26666666666662,
    "minResTime" : 127.0,
    "maxResTime" : 141.0,
    "pct1ResTime" : 140.4,
    "pct2ResTime" : 141.0,
    "pct3ResTime" : 141.0,
    "throughput" : 1.2966804979253113,
    "receivedKBytesPerSec" : 0.7179017548409405,
    "sentKBytesPerSec" : 0.6956150587828492
  },
  "Checkout_49 /ShopItV60/fin.asp" : {
    "transaction" : "Checkout_49 /ShopItV60/fin.asp",
    "sampleCount" : 15,
    "errorCount" : 0,
    "errorPct" : 0.0,
    "meanResTime" : 134.99999999999997,
    "minResTime" : 127.0,
    "maxResTime" : 141.0,
    "pct1ResTime" : 140.4,
    "pct2ResTime" : 141.0,
    "pct3ResTime" : 141.0,
    "throughput" : 1.2804097311139564,
    "receivedKBytesPerSec" : 1.6505281690140845,
    "sentKBytesPerSec" : 0.5151648527528809
  },
  "Search_99 /" : {
    "transaction" : "Search_99 /",
    "sampleCount" : 30,
    "errorCount" : 0,
    "errorPct" : 0.0,
    "meanResTime" : 924.8666666666667,
    "minResTime" : 254.0,
    "maxResTime" : 1856.0,
    "pct1ResTime" : 1739.9000000000005,
    "pct2ResTime" : 1827.95,
    "pct3ResTime" : 1856.0,
    "throughput" : 2.226510316164465,
    "receivedKBytesPerSec" : 17.86455627504824,
    "sentKBytesPerSec" : 4.823380909529464
  },
  "Search_127 /ShopItV60/product.asp" : {
    "transaction" : "Search_127 /ShopItV60/product.asp",
    "sampleCount" : 15,
    "errorCount" : 0,
    "errorPct" : 0.0,
    "meanResTime" : 170.26666666666665,
    "minResTime" : 156.0,
    "maxResTime" : 190.0,
    "pct1ResTime" : 188.8,
    "pct2ResTime" : 190.0,
    "pct3ResTime" : 190.0,
    "throughput" : 1.2761613067891782,
    "receivedKBytesPerSec" : 4.057046404415519,
    "sentKBytesPerSec" : 0.614817296239578
  },
  "Checkout_48 /ShopItV60/thanks.asp" : {
    "transaction" : "Checkout_48 /ShopItV60/thanks.asp",
    "sampleCount" : 15,
    "errorCount" : 0,
    "errorPct" : 0.0,
    "meanResTime" : 135.2,
    "minResTime" : 128.0,
    "maxResTime" : 141.0,
    "pct1ResTime" : 141.0,
    "pct2ResTime" : 141.0,
    "pct3ResTime" : 141.0,
    "throughput" : 1.280847066860217,
    "receivedKBytesPerSec" : 1.5864658494150798,
    "sentKBytesPerSec" : 0.6283322036973785
  },
  "Checkout_42 /ShopItV60/main.asp" : {
    "transaction" : "Checkout_42 /ShopItV60/main.asp",
    "sampleCount" : 30,
    "errorCount" : 0,
    "errorPct" : 0.0,
    "meanResTime" : 688.8999999999999,
    "minResTime" : 135.0,
    "maxResTime" : 1269.0,
    "pct1ResTime" : 1251.4,
    "pct2ResTime" : 1268.45,
    "pct3ResTime" : 1269.0,
    "throughput" : 2.34192037470726,
    "receivedKBytesPerSec" : 16.0583162568306,
    "sentKBytesPerSec" : 5.385197111631538
  },
  "Search_126 /ShopItV60/checkselection.asp" : {
    "transaction" : "Search_126 /ShopItV60/checkselection.asp",
    "sampleCount" : 15,
    "errorCount" : 0,
    "errorPct" : 0.0,
    "meanResTime" : 314.0666666666666,
    "minResTime" : 284.0,
    "maxResTime" : 354.0,
    "pct1ResTime" : 351.0,
    "pct2ResTime" : 354.0,
    "pct3ResTime" : 354.0,
    "throughput" : 1.2582837010317927,
    "receivedKBytesPerSec" : 2.756018135013841,
    "sentKBytesPerSec" : 1.2390326157621006
  },
  "Search_126 /ShopItV60/checkselection.asp-1" : {
    "transaction" : "Search_126 /ShopItV60/checkselection.asp-1",
    "sampleCount" : 15,
    "errorCount" : 0,
    "errorPct" : 0.0,
    "meanResTime" : 175.06666666666666,
    "minResTime" : 156.0,
    "maxResTime" : 209.0,
    "pct1ResTime" : 199.4,
    "pct2ResTime" : 209.0,
    "pct3ResTime" : 209.0,
    "throughput" : 1.2731285011033782,
    "receivedKBytesPerSec" : 2.255575904982176,
    "sentKBytesPerSec" : 0.613356178916992
  },
  "Search_126 /ShopItV60/checkselection.asp-0" : {
    "transaction" : "Search_126 /ShopItV60/checkselection.asp-0",
    "sampleCount" : 15,
    "errorCount" : 0,
    "errorPct" : 0.0,
    "meanResTime" : 138.06666666666666,
    "minResTime" : 127.0,
    "maxResTime" : 155.0,
    "pct1ResTime" : 148.4,
    "pct2ResTime" : 155.0,
    "pct3ResTime" : 155.0,
    "throughput" : 1.2760527435133986,
    "receivedKBytesPerSec" : 0.5341809336452573,
    "sentKBytesPerSec" : 0.6417648075287111
  },
  "Search_127 /ShopItV60/product.asp-0" : {
    "transaction" : "Search_127 /ShopItV60/product.asp-0",
    "sampleCount" : 15,
    "errorCount" : 0,
    "errorPct" : 0.0,
    "meanResTime" : 0.6666666666666666,
    "minResTime" : 0.0,
    "maxResTime" : 3.0,
    "pct1ResTime" : 1.8000000000000007,
    "pct2ResTime" : 3.0,
    "pct3ResTime" : 3.0,
    "throughput" : 1.294889502762431,
    "receivedKBytesPerSec" : 1.8224558118957184,
    "sentKBytesPerSec" : 0.0
  },
  "Total" : {
    "transaction" : "Total",
    "sampleCount" : 300,
    "errorCount" : 0,
    "errorPct" : 0.0,
    "meanResTime" : 161.23999999999995,
    "minResTime" : 0.0,
    "maxResTime" : 617.0,
    "pct1ResTime" : 274.0,
    "pct2ResTime" : 299.0,
    "pct3ResTime" : 548.0400000000018,
    "throughput" : 20.26068751266293,
    "receivedKBytesPerSec" : 32.38709151499291,
    "sentKBytesPerSec" : 9.721106887789558
  },
  "Search_119 /ShopItV60/main.asp" : {
    "transaction" : "Search_119 /ShopItV60/main.asp",
    "sampleCount" : 15,
    "errorCount" : 0,
    "errorPct" : 0.0,
    "meanResTime" : 137.93333333333334,
    "minResTime" : 130.0,
    "maxResTime" : 142.0,
    "pct1ResTime" : 142.0,
    "pct2ResTime" : 142.0,
    "pct3ResTime" : 142.0,
    "throughput" : 1.2751849018107626,
    "receivedKBytesPerSec" : 1.5578674923488907,